Job Role,Salary
HPC Software Engineer,404
HPC Software Engineer,300
HPC Systems Engineer,298
HPC Systems Engineer,275
HPC Solutions Architect,263
HPC Systems Engineer,263
HPC Software Engineer,263
HPC Solutions Architect,263
HPC Systems Engineer,263
HPC Solutions Architect,263
HPC Systems Engineer,263
HPC Systems Engineer,263
HPC Software Engineer,263
HPC Solutions Architect,263
HPC Software Engineer,263
HPC Systems Engineer,263
HPC Software Engineer,263
HPC Systems Engineer,260
HPC Systems Engineer,256
HPC Solutions Architect,250
HPC Software Engineer,240
HPC Software Engineer,240
HPC Systems Engineer,236
HPC Systems Engineer,236
HPC Systems Engineer,235
HPC Solutions Architect,230
HPC Solutions Architect,230
HPC Solutions Architect,226
HPC Solutions Architect,224
HPC Software Engineer,223
HPC Systems Engineer,216
HPC Systems Engineer,216
HPC Systems Engineer,216
HPC Software Engineer,216
HPC Systems Engineer,216
HPC Systems Engineer,216
HPC Systems Engineer,216
HPC Solutions Architect,215
HPC Systems Engineer,213
HPC Systems Engineer,213
HPC Solutions Architect,205
HPC Systems Engineer,200
HPC Software Engineer,197
HPC Systems Engineer,193
HPC Systems Engineer,190
HPC Systems Engineer,190
HPC Systems Engineer,186
HPC Solutions Architect,181
HPC Solutions Architect,181
HPC Systems Engineer,180
HPC Systems Engineer,178
HPC Systems Engineer,175
HPC Solutions Architect,175
HPC Systems Engineer,172
HPC Systems Engineer,170
HPC Systems Engineer,162
HPC Systems Engineer,153
HPC Systems Engineer,151
HPC Systems Engineer,150
HPC Systems Engineer,150
HPC Systems Engineer,146
HPC Systems Engineer,145
HPC Systems Engineer,145
HPC Systems Engineer,145
HPC Systems Engineer,143
HPC Systems Engineer,135
HPC Systems Engineer,133
HPC Software Engineer,130
HPC Solutions Architect,129
HPC Systems Engineer,126
HPC Systems Engineer,125
HPC Systems Engineer,122
HPC Software Engineer,118
HPC Systems Engineer,118
HPC Systems Engineer,115
HPC Systems Engineer,104
HPC Software Engineer,104
HPC Systems Engineer,101
HPC Systems Engineer,100
HPC Systems Engineer,98
HPC Systems Engineer,95
HPC Software Engineer,88
HPC Systems Engineer,85
HPC Systems Engineer,83
HPC Systems Engineer,80
HPC Systems Engineer,77
HPC Systems Engineer,73
HPC Systems Engineer,66
HPC Systems Engineer,66
HPC Systems Engineer,62
HPC Systems Engineer,43
HPC Systems Engineer,18
HPC Systems Engineer,3
